"ID";"Nombre";"Fecha de nacimiento";"Ubicación";"Sexo";"Veterinario/a";"Pelaje";"Pedigree";"Mostrar en Web";"Madre";"Padre";"Jinete";"Stock";"Observaciones";"Estado";"Inicio doma";"Fin doma";"Clasificación"
"5";"Aca Estoy (RR)";"2/10/2021";"Haras San Jose Del Moro";"Padrillo";"Luis Moreno";"Zaino";"";"false";"Sandalia (RR)";"Diablo Blanco";"";"0";"Ultima generación nacida en el Haras, aun no esta inscripto en Fomento Equino.
Se pasaron los datos a Sebastian Despuy para que sea anotado. ";"true";"10/3/2022";"10/3/2022";"Estado Inicial"
"6";"Sandalia (RR)";"4/11/2017";"Tierra Santa";"Yegua";"Luis Moreno";"Tordillo";"https://drive.google.com/file/d/1-HoxOt1v79KTXSkOFQn1I2QvslDTcng8/view?usp=sharing";"false";"Ballycullen P. Compadre";"Con Air";"";"0";"";"true";"10/3/2022";"10/3/2022";"Training"
"7";"Receptora Sebastian";"31/12/1969";"Doña Pilar (Embriones)";"Yegua";"Luis Moreno";"Alazán";"";"false";"";"";"";"0";"";"false";"10/3/2022";"10/3/2022";"Estado Inicial"
"41";"Diablo Blanco";"18/5/2008";"Veigy";"Padrillo";"";"Tordillo";"https://www.horsetelex.com/horses/pedigree/1547802/diablo-blanco";"true";"Pennycent";"Chacco-Blue";"Jose Larocca (h)";"0";"Creado para cargar como padre. Actualizar…";"true";"31/12/1969";"31/12/1969";"Estado Inicial"
"42";"Ballycullen P. Compadre";"20/5/2003";"Haras San Jose Del Moro";"Yegua";"";"Tordillo";"https://drive.google.com/file/d/1uIm23Bg4bLOo18sFy-fL2Cyvtd5uE26b/view?usp=sharing";"false";"";"";"";"0";"";"true";"31/12/1969";"31/12/1969";"Yegua con Potrillo al Pie"
"43";"Pegasus Champein";"25/11/2015";"Haras San Jose Del Moro";"Yegua";"";"Tordillo";"";"false";"";"";"";"1";"Creada para cargar como madre. Actualizar…";"true";"31/12/1969";"31/12/1969";"Yegua Madre"
"44";"Cornet Du Lys";"25/3/2004";"Europa";"Padrillo";"";"Tordillo";"https://www.horsetelex.com/horses/pedigree/584135/cornet-du-lys";"false";"Chablis Du Lys";"Cornet Obolensky";"";"55";"Stock de semen actualizado 2/8/2022 por mail de Luis Moreno (info de Doña Pilar)
CORNET DU LYS       24  (blancas) CORNET DU LYS          3  (naranjas) CORNET DU
LYS         28 (amarillas) actualizado al 18/10/2022";"true";"31/12/1969";"31/12/1969";"Estado Inicial"
"45";"R4381";"16/3/2022";"Haras San Jose Del Moro";"Yegua";"";"Tordillo";"";"false";"";"";"";"0";"Para devolver";"true";"31/12/1969";"31/12/1969";"Estado Inicial"
"46";"Casall";"16/3/2022";"Solo Datos";"Padrillo";"";"Alazán";"";"false";"";"";"";"0";"Creado para cargar como padre. Actualizar…";"false";"31/12/1969";"31/12/1969";"Estado Inicial"
"47";"Puma";"23/3/2012";"Haras San Jose Del Moro";"Yegua";"";"Alazán";"";"false";"Gold cherry";"Diablo Blanco";"";"5";"";"true";"31/12/1969";"31/12/1969";"Yegua Preñada"
"48";"R4308";"16/1/2022";"Haras San Jose Del Moro";"Yegua";"";"Alazán";"";"false";"";"";"";"0";"";"true";"31/12/1969";"31/12/1969";"Yegua con Potrillo al Pie"
"49";"R3904";"16/3/2022";"Haras San Jose Del Moro";"Yegua";"";"Alazán";"";"false";"";"";"";"0";"";"true";"31/12/1969";"31/12/1969";"Yegua con Potrillo al Pie"
"50";"Con Air";"16/3/2022";"Solo Datos";"Padrillo";"";"Alazán";"";"false";"";"";"";"6";"Creado para cargar como padre.  Stock de semen informado por Luis mail 2/8/22
(info de Doña Pilar) CON AIR                       6";"false";"31/12/1969";"31/12/1969";"Estado Inicial"
"51";"Royalty Des Isles";"1/4/2005";"Haras San Jose Del Moro";"Yegua";"";"Zaino";"https://drive.google.com/file/d/1vk1Nx7IL5MMDxjhd8RR6OO898OWopGUY/view?usp=sharing";"false";"My Dear Des Isles";"Zandor Z";"";"2";"";"true";"31/12/1969";"31/12/1969";"Yegua Donante"
"57";"Angela (RR)";"22/10/2016";"Haras San Jose Del Moro";"Yegua";"";"Zaino";"https://drive.google.com/file/d/1fobGZOKMk28Cva3nKQjkQxckqqWTFIat/view?usp=sharing";"false";"Nanta";"Con Air";"";"0";"Servida 23/12 y el 13/1 con Diablo Blanco, servida e 8/2 con CDL, Servida el
27/2 con CDL";"true";"31/12/1969";"31/12/1969";"Yegua Preñada"
"58";"Nanta";"21/3/2022";"Solo Datos";"Yegua";"";"Alazán";"";"false";"";"";"";"0";"";"false";"31/12/1969";"31/12/1969";"Estado Inicial"
"60";"Zatopec (RR)";"26/8/2018";"Tierra Santa";"Padrillo";"";"Alazán";"https://drive.google.com/file/d/1eqRo8TZAXp22bK-hQmL9btmlBtg6dB4_/view?usp=sharing";"false";"Royal Croissant";"Casall";"";"0";"Ingreso al haras el 14/01/2022 Ingreso a Tierra Santa el 08/12/2022";"true";"31/12/1969";"31/12/1969";"Training"
"61";"Clarimo";"21/3/2022";"Solo Datos";"Padrillo";"";"Alazán";"";"false";"";"";"";"0";"";"false";"31/12/1969";"31/12/1969";"Estado Inicial"
"62";"Twinlight";"21/3/2022";"Solo Datos";"Yegua";"";"Alazán";"";"false";"";"";"";"0";"";"false";"31/12/1969";"31/12/1969";"Estado Inicial"
"63";"Bjerglunds Cuba";"19/3/2007";"Haras San Jose Del Moro";"Yegua";"";"Zaino";"https://www.horsetelex.com/horses/pedigree/1691823/bjerglunds-cuba";"false";"Twinlight";"Clarimo";"";"0";"Ingreso al haras el 14/01/2022";"true";"31/12/1969";"31/12/1969";"Yegua Preñada"
"64";"Quinta 27";"16/5/1997";"Haras San Jose Del Moro";"Yegua";"";"Zaino";"https://drive.google.com/file/d/1wAtV8NlGnL1erRFXtid0gsxIuLFa_KrH/view?usp=sharing";"false";"";"";"";"0";"";"true";"31/12/1969";"31/12/1969";"Yegua Donante"
"65";"Charlota (RR)";"12/9/2016";"Haras San Jose Del Moro";"Yegua";"";"Zaino";"https://drive.google.com/file/d/1-CrTHYwwKLEGi4sM6KyLBQZKKgkymNUV/view?usp=sharing";"false";"Quinta 27";"Con Air";"";"0";"";"true";"31/12/1969";"31/12/1969";"Yegua Preñada"
"66";"Contacted heffinck";"21/3/2022";"Solo Datos";"Padrillo";"";"Alazán";"";"false";"";"";"";"0";"";"false";"31/12/1969";"31/12/1969";"Estado Inicial"
"67";"Cicero Z Van Paemel";"21/3/2022";"Solo Datos";"Padrillo";"";"Alazán";"";"false";"";"";"";"0";"";"false";"31/12/1969";"31/12/1969";"Estado Inicial"
"68";"Enya Van de Wateringhoeve";"21/3/2022";"Solo Datos";"Yegua";"";"Alazán";"";"false";"";"";"";"0";"";"false";"31/12/1969";"31/12/1969";"Estado Inicial"
"69";"Cheerleader Of Picobello";"25/4/2018";"Haras San Jose Del Moro";"Yegua";"";"Alazán";"";"false";"Enya Van de Wateringhoeve";"Cicero Z Van Paemel";"";"0";"";"true";"31/12/1969";"31/12/1969";"Yegua con Potrillo al Pie"
"70";"Fortuna (RR)";"8/2/2019";"Haras San Jose Del Moro";"Yegua";"";"Zaino";"https://drive.google.com/file/d/1vWzpLoNrBjgDB0lKfPHaNjdrC8_PuJeL/view?usp=sharing";"false";"Oriana II";"Con Air";"";"0";"";"true";"31/12/1969";"31/12/1969";"Yegua con Potrillo al Pie"
"71";"Hilary Van T Paradijs";"11/4/2007";"Haras San Jose Del Moro";"Yegua";"";"Alazán";"https://www.horsetelex.com/horses/pedigree/1555360/hilary-van-t-paradijs";"false";"Easy Van ´T Paradijs";"Carabas Van De Wateringhoeve";"";"0";"";"true";"31/12/1969";"31/12/1969";"Yegua Donante"
"72";"R4252";"21/3/2022";"Haras San Jose Del Moro";"Yegua";"";"Zaino";"";"false";"";"";"";"0";"";"true";"31/12/1969";"31/12/1969";"Yegua con Potrillo al Pie"
"73";"R3538";"21/3/2022";"Doña Pilar (Embriones)";"Yegua";"";"Zaino";"";"false";"";"";"";"0";"";"false";"31/12/1969";"31/12/1969";"Estado Inicial"
"74";"R2958";"21/3/2022";"Haras San Jose Del Moro";"Yegua";"";"Alazán";"";"false";"";"";"";"0";"";"true";"31/12/1969";"31/12/1969";"Yegua con Potrillo al Pie"
"75";"R4310";"21/3/2022";"Haras San Jose Del Moro";"Yegua";"";"Zaino";"";"false";"";"";"";"0";"";"true";"31/12/1969";"31/12/1969";"Yegua con Potrillo al Pie"
"76";"R3932";"21/3/2022";"Haras San Jose Del Moro";"Yegua";"";"Alazán";"";"false";"";"";"";"0";"";"true";"31/12/1969";"31/12/1969";"Yegua con Potrillo al Pie"
"77";"R4165";"21/3/2022";"Haras San Jose Del Moro";"Yegua";"";"Alazán";"";"false";"";"";"";"0";"";"true";"31/12/1969";"31/12/1969";"Yegua con Potrillo al Pie"
"78";"R4320";"21/3/2022";"Haras San Jose Del Moro";"Yegua";"";"Alazán";"";"false";"";"";"";"0";"";"true";"31/12/1969";"31/12/1969";"Yegua Preñada"
"80";"Histoire D´hyrencourt";"12/6/2013";"Haras San Jose Del Moro";"Yegua";"";"Tordillo";"https://www.horsetelex.com/horses/pedigree/1745375/histoire-d-hyrencourt";"false";"Linotte de Sohan";"Vivaldi Du Seigneur";"";"0";"";"true";"31/12/1969";"31/12/1969";"Yegua Preñada"
"81";"Kuka du Lys (RR)";"28/11/2018";"Haras San Jose Del Moro";"Yegua";"";"Zaino";"https://drive.google.com/file/d/1vKn1TiaOrltxN6tTiXss21XTsPHZyN0N/view?usp=sharing";"false";"Quinta 27";"Cornet Du Lys";"";"0";"";"true";"31/12/1969";"31/12/1969";"Yegua con Potrillo al Pie"
"82";"Luna Negra (RR)";"19/12/2019";"Haras San Jose Del Moro";"Yegua";"";"Tordillo";"http://pedigreesfomento.for-our.info:9443/pedigrees/pdf_p1/?aafe_buscado=556535";"false";"Roldana (RR)";"Vitaly (RR)";"";"0";"";"true";"31/12/1969";"31/12/1969";"Yegua Preñada"
"83";"Emerald";"21/3/2022";"Solo Datos";"Padrillo";"";"Alazán";"";"false";"";"";"";"0";"";"false";"31/12/1969";"31/12/1969";"Estado Inicial"
"84";"Antonia (RR)";"13/12/2021";"Haras San Jose Del Moro";"Yegua";"";"Zaino";"";"false";"Marianita Candelaria";"Diablo Blanco";"";"0";"";"true";"31/12/1969";"31/12/1969";"Estado Inicial"
"85";"Marianita Candelaria";"1/1/2008";"Haras San Jose Del Moro";"Yegua";"";"Zaino";"https://www.horsetelex.com/horses/pedigree/1886907/marianita-candelaria";"false";"";"";"";"0";"";"true";"31/12/1969";"31/12/1969";"Yegua Madre"
"86";"R4271";"21/3/2022";"Haras San Jose Del Moro";"Yegua";"";"Alazán";"";"false";"";"";"";"0";"";"true";"31/12/1969";"31/12/1969";"Yegua con Potrillo al Pie"
"87";"R4234";"21/3/2022";"Haras San Jose Del Moro";"Yegua";"";"Alazán";"";"false";"";"";"";"0";"";"true";"31/12/1969";"31/12/1969";"Yegua con Potrillo al Pie"
"89";"R4244";"21/3/2022";"Haras San Jose Del Moro";"Yegua";"";"Alazán";"";"false";"";"";"";"0";"";"true";"31/12/1969";"31/12/1969";"Yegua con Potrillo al Pie"
"90";"Candy du nantuel";"21/3/2022";"Solo Datos";"Padrillo";"";"Alazán";"";"false";"";"";"";"0";"";"false";"31/12/1969";"31/12/1969";"Estado Inicial"
"91";"Rebel Du Lys (RR)";"21/1/2014";"Haras San Jose Del Moro";"Yegua";"";"Zaino";"https://drive.google.com/file/d/1zyDeSKF9fc385-tDdwHn0aSXvGvOEdMT/view?usp=sharing";"false";"Imke";"Cornet Du Lys";"";"1";"";"true";"31/12/1969";"31/12/1969";"Yegua Donante"
"92";"Action Breaker";"21/3/2022";"Europa";"Padrillo";"";"Alazán";"";"false";"";"";"";"0";"";"true";"31/12/1969";"31/12/1969";"Estado Inicial"
"93";"Fetzi";"21/3/2022";"Solo Datos";"Yegua";"";"Alazán";"";"false";"";"";"";"0";"";"false";"31/12/1969";"31/12/1969";"Estado Inicial"
"94";"Roldana (RR)";"22/4/2016";"Haras San Jose Del Moro";"Yegua";"";"Zaino";"https://drive.google.com/file/d/1NnJLxFOlbzO7BYlLXKeIygV01x2RXK-m/view?usp=sharing";"false";"Fetzi";"Action Breaker";"";"0";"";"true";"31/12/1969";"31/12/1969";"Yegua Preñada"
"95";"R4194";"21/3/2022";"Haras San Jose Del Moro";"Yegua";"";"Alazán";"";"false";"";"";"";"0";"";"true";"31/12/1969";"31/12/1969";"Yegua con Potrillo al Pie"
"96";"R4042";"21/3/2022";"Haras San Jose Del Moro";"Yegua";"";"Tordillo";"";"false";"";"";"";"0";"";"true";"31/12/1969";"31/12/1969";"Yegua con Potrillo al Pie"
"98";"Mylord Carthago";"21/3/2022";"Solo Datos";"Padrillo";"";"Tordillo";"https://www.horsetelex.com/horses/pedigree/102258/mylord-carthago";"false";"";"";"";"0";"";"false";"31/12/1969";"31/12/1969";"Estado Inicial"
"99";"Tinkerbell de la Pomme";"29/6/2007";"Haras San Jose Del Moro";"Yegua";"";"Alazán";"https://www.horsetelex.com/horses/pedigree/577445/tinkerbell-de-la-pomme";"false";"Nais de la Pomme";"Tinka's Boy";"";"1";"";"true";"31/12/1969";"31/12/1969";"Yegua Donante"
"100";"Untouchable 27";"21/3/2022";"Europa";"Padrillo";"";"Alazán";"";"false";"";"";"";"0";"Actualizado stock de semen por Mail Luis (info de Doña Pilar) UNTOUCHABLE       
  1";"true";"31/12/1969";"31/12/1969";"Estado Inicial"
"101";"Toulouse 66";"29/5/2005";"Haras San Jose Del Moro";"Yegua";"";"Zaino";"https://www.horsetelex.com/horses/pedigree/709723/toulouse-66";"false";"Galatee";"Toulon";"";"1";"";"true";"31/12/1969";"31/12/1969";"Yegua Donante"
"102";"Balou du Rouet";"21/3/2022";"Solo Datos";"Padrillo";"";"Alazán";"";"false";"";"";"";"0";"";"false";"31/12/1969";"31/12/1969";"Estado Inicial"
"103";"Abalair (RR)";"18/9/2021";"Haras San Jose Del Moro";"Yegua";"";"Zaino";"";"false";"Nant Air (RR)";"Balou du Rouet";"";"0";"";"true";"31/12/1969";"31/12/1969";"Estado Inicial"
"104";"Aganix Du Seigneur Z";"21/3/2022";"Solo Datos";"Padrillo";"";"Alazán";"";"false";"";"";"";"0";"";"false";"31/12/1969";"31/12/1969";"Estado Inicial"
"105";"Exclusive De Carmel";"21/3/2022";"Solo Datos";"Yegua";"";"Alazán";"";"false";"";"";"";"0";"";"false";"31/12/1969";"31/12/1969";"Estado Inicial"
"106";"Agani VD Berghoeve ";"14/5/2021";"Haras San Jose Del Moro";"Yegua";"";"Zaino";"https://www.horsetelex.de/horses/pedigree/2268255/agani-vd-berghoeve";"true";"Exclusive De Carmel";"Aganix Du Seigneur Z";"";"0";"Origen Europa";"true";"31/12/1969";"31/12/1969";"Estado Inicial"
"107";"Air Croissant (RR)";"15/10/2021";"Haras San Jose Del Moro";"Padrillo";"";"Zaino";"";"false";"Royal Croissant";"Con Air";"";"0";"";"true";"31/12/1969";"31/12/1969";"Estado Inicial"
"108";"Aktion Now (RR)";"22/10/2021";"Haras San Jose Del Moro";"Padrillo";"";"Tordillo";"";"false";"Hilary Van T Paradijs";"Cornet Du Lys";"";"0";"";"true";"31/12/1969";"31/12/1969";"Estado Inicial"
"109";"Angelina (RR)";"16/9/2021";"Haras San Jose Del Moro";"Yegua";"";"Alazán";"";"false";"Alegra (RR)";"Clarimo";"";"0";"";"true";"31/12/1969";"31/12/1969";"Estado Inicial"
"110";"Alegra (RR)";"21/1/2018";"Haras San Jose Del Moro";"Yegua";"";"Tordillo";"https://drive.google.com/file/d/1-lcJonHgk-HFddKq_AlzgQKkMe3I6EJ7/view?usp=sharing";"false";"Fetzi";"Cornet Du Lys";"";"0";"";"true";"31/12/1969";"31/12/1969";"Yegua Madre"
"111";"Oriana II";"21/3/2022";"Solo Datos";"Yegua";"";"Alazán";"";"false";"";"";"";"0";"";"false";"31/12/1969";"31/12/1969";"Estado Inicial"
"112";"Alena (RR)";"18/9/2021";"Haras San Jose Del Moro";"Yegua";"";"Zaino";"";"false";"Rosalia (RR)";"Con Air";"";"0";"";"true";"31/12/1969";"31/12/1969";"Estado Inicial"
"113";"Rosalia (RR)";"24/12/2017";"Tierra Santa";"Yegua";"";"Zaino";"https://drive.google.com/file/d/1-kmJrpeaQvBQtK8S9-2uaJABVMn8dtrU/view?usp=sharing";"false";"Oriana II";"Cornet Du Lys";"";"0";"";"true";"31/12/1969";"31/12/1969";"Training"
"114";"Alicura (RR)";"31/10/2021";"Haras San Jose Del Moro";"Yegua";"";"Zaino";"";"false";"Royal Croissant";"Con Air";"";"0";"";"true";"31/12/1969";"31/12/1969";"Estado Inicial"
"115";"Aly Black (RR)";"8/9/2021";"Haras San Jose Del Moro";"Yegua";"";"Zaino";"";"false";"Lisa (RR)";"Diablo Blanco";"";"0";"";"true";"31/12/1969";"31/12/1969";"Estado Inicial"
"116";"Lisa (RR)";"29/1/2018";"Tierra Santa";"Yegua";"";"Zaino";"https://drive.google.com/file/d/1-s6WrbX8teahyeJfwbHpPu5Y_yvWVPdj/view?usp=sharing";"false";"Oriana II";"Con Air";"";"0";"";"true";"31/12/1969";"31/12/1969";"Training"
"117";"Ángel Blanco (RR)";"19/10/2021";"Haras San Jose Del Moro";"Padrillo";"";"Zaino";"";"false";"Angelita (RR)";"Diablo Blanco";"";"0";"";"true";"31/12/1969";"31/12/1969";"Estado Inicial"
"118";"Angelita (RR)";"16/11/2017";"Tierra Santa";"Yegua";"";"Tordillo";"https://drive.google.com/file/d/1-T4pSW1T57z1gEPU1qMLUdJwye2KnEdV/view?usp=sharing";"false";"Nanta";"Cornet Du Lys";"";"0";"";"true";"31/12/1969";"31/12/1969";"Training"
"120";"Arihuana (RR)";"11/7/2021";"Haras San Jose Del Moro";"Yegua";"";"Tordillo";"";"false";"Hanouk V";"Cornet Du Lys";"";"0";"";"true";"31/12/1969";"31/12/1969";"Estado Inicial"
"121";"Aristóteles (RR)";"19/11/2021";"Haras San Jose Del Moro";"Padrillo";"";"Zaino";"";"false";"Hilary Van T Paradijs";"Cornet Du Lys";"";"0";"";"true";"31/12/1969";"31/12/1969";"Estado Inicial"
"122";"Arnold (RR)";"18/11/2021";"Haras San Jose Del Moro";"Padrillo";"";"Tordillo";"";"false";"Royal Croissant";"Con Air";"";"0";"";"true";"31/12/1969";"31/12/1969";"Estado Inicial"
"123";"Arrancador (RR)";"21/11/2021";"Haras San Jose Del Moro";"Padrillo";"";"Zaino";"";"false";"Royal Croissant";"Con Air";"";"0";"";"true";"31/12/1969";"31/12/1969";"Estado Inicial"
"124";"Artista (RR)";"5/11/2021";"Haras San Jose Del Moro";"Padrillo";"";"Tordillo";"";"false";"Quinta 27";"Diablo Blanco";"";"0";"";"true";"31/12/1969";"31/12/1969";"Estado Inicial"
"125";"Atahualpa (RR)";"22/12/2019";"Tierra Santa";"Padrillo";"";"Zaino";"http://pedigreesfomento.for-our.info:9443/pedigrees/pdf_p1/?aafe_buscado=556530";"false";"Nant Air (RR)";"Cornet Du Lys";"";"0";"Ingreso a Tierra Santa el 08/12/2022";"true";"31/12/1969";"31/12/1969";"Training"
"126";"Think as Picobello Z";"21/3/2022";"Solo Datos";"Yegua";"";"Alazán";"";"false";"";"";"";"0";"";"false";"31/12/1969";"31/12/1969";"Estado Inicial"
"127";"Athletic Of Picobello Z";"22/7/2020";"Haras San Jose Del Moro";"Yegua";"";"Zaino";"https://www.horsetelex.com/horses/pedigree/2300163/athletic-of-picobello-z";"false";"Think as Picobello Z";"Aganix Du Seigneur Z";"";"0";"";"true";"31/12/1969";"31/12/1969";"Estado Inicial"
"128";"Atomic Bell (RR)";"5/11/2021";"Haras San Jose Del Moro";"Padrillo";"";"Alazán";"";"false";"Tinkerbell de la Pomme";"Diablo Blanco";"";"0";"";"true";"31/12/1969";"31/12/1969";"Estado Inicial"
"129";"Augusto (RR)";"22/11/2021";"Haras San Jose Del Moro";"Padrillo";"";"Zaino";"";"false";"Quinta 27";"Con Air";"";"0";"";"true";"31/12/1969";"31/12/1969";"Estado Inicial"
"130";"Aviador (RR)";"24/10/2021";"Haras San Jose Del Moro";"Padrillo";"";"Alazán";"";"false";"Hilary Van T Paradijs";"Cornet Du Lys";"";"0";"";"true";"31/12/1969";"31/12/1969";"Estado Inicial"
"131";"Bella (RR)";"12/1/2020";"Haras San Jose Del Moro";"Yegua";"";"Tordillo";"http://pedigreesfomento.for-our.info:9443/pedigrees/pdf_p1/?aafe_buscado=556537";"false";"Ballycullen P. Compadre";"Balou du Rouet";"";"0";"";"true";"31/12/1969";"31/12/1969";"Yegua Preñada"
"132";"Billie Jean (RR)";"14/1/2020";"Haras San Jose Del Moro";"Yegua";"";"Zaino";"http://pedigreesfomento.for-our.info:9443/pedigrees/pdf_p1/?aafe_buscado=556531";"false";"Nant Air (RR)";"Cornet Du Lys";"";"0";"";"true";"31/12/1969";"31/12/1969";"Yegua Preñada"
"133";"Café del Mar (RR)";"12/12/2020";"Haras San Jose Del Moro";"Padrillo";"";"Zaino";"";"false";"Royal Croissant";"Cornet Du Lys";"";"0";"";"true";"31/12/1969";"31/12/1969";"Estado Inicial"
"134";"Comme Il Faut";"21/3/2022";"Solo Datos";"Padrillo";"";"Alazán";"";"false";"";"";"";"0";"";"false";"31/12/1969";"31/12/1969";"Estado Inicial"
"135";"Geena Van'T Roosakker";"21/3/2022";"Solo Datos";"Yegua";"";"Alazán";"";"false";"";"";"";"0";"";"false";"31/12/1969";"31/12/1969";"Estado Inicial"
"136";"Caffee Del Mare SA Z";"4/5/2021";"Haras San Jose Del Moro";"Yegua";"";"Zaino";"";"false";"Geena Van'T Roosakker";"Comme Il Faut";"";"0";"Origen Europa";"true";"31/12/1969";"31/12/1969";"Estado Inicial"
"137";"Chimborazo (RR)";"1/2/2020";"Haras San Jose Del Moro";"Padrillo";"";"Zaino";"";"false";"Tinkerbell de la Pomme";"Con Air";"";"0";"";"true";"31/12/1969";"31/12/1969";"Estado Inicial"
"138";"Cornetto 31";"2/4/2003";"Haras San Jose Del Moro";"Padrillo";"";"Tordillo";"";"false";"";"";"";"0";"";"true";"31/12/1969";"31/12/1969";"Jubilado"
"139";"Diablo Negro (RR)";"16/9/2020";"Haras San Jose Del Moro";"Padrillo";"";"Zaino";"http://pedigreesfomento.for-our.info:9443/pedigrees/pdf_p1/?aafe_buscado=556773";"false";"Rebel Du Lys (RR)";"Diablo Blanco";"";"0";"";"true";"31/12/1969";"31/12/1969";"Estado Inicial"
"140";"Eliana (RR)";"2/7/2019";"Haras San Jose Del Moro";"Yegua";"";"Zaino";"";"false";"Royalty Des Isles";"Cornet Du Lys";"";"0";"";"true";"31/12/1969";"31/12/1969";"Yegua Preñada"
"141";"Ercilia (RR)";"30/11/2020";"Haras San Jose Del Moro";"Yegua";"";"Tordillo";"http://pedigreesfomento.for-our.info:9443/pedigrees/pdf_p1/?aafe_buscado=556774";"false";"Royalty Des Isles";"Cornet Du Lys";"";"0";"";"true";"31/12/1969";"31/12/1969";"Estado Inicial"
"142";"Gentleman";"29/5/2006";"Haras San Jose Del Moro";"Padrillo";"";"Zaino";"";"false";"";"";"";"0";"";"true";"31/12/1969";"31/12/1969";"Jubilado"
"143";"Grandorado TN";"21/3/2022";"Solo Datos";"Padrillo";"";"Alazán";"https://www.horsetelex.com/horses/pedigree/1596329/grandorado-tn-n-o-p-";"false";"";"";"";"0";"";"false";"31/12/1969";"31/12/1969";"Estado Inicial"
"144";"Mabella";"21/3/2022";"Solo Datos";"Yegua";"";"Alazán";"";"false";"";"";"";"0";"";"false";"31/12/1969";"31/12/1969";"Estado Inicial"
"145";"Google Picobello Z";"7/4/2021";"Haras San Jose Del Moro";"Yegua";"";"Zaino";"https://www.horsetelex.com/horses/pedigree/2276031/google-picobello-z";"false";"Mabella";"Grandorado TN";"";"0";"Origen Europa";"true";"31/12/1969";"31/12/1969";"Estado Inicial"
"146";"Hércules (RR)";"11/2/2021";"Haras San Jose Del Moro";"Padrillo";"";"Alazán";"";"false";"Hilary Van T Paradijs";"Cornet Du Lys";"";"0";"";"true";"31/12/1969";"31/12/1969";"Estado Inicial"
"147";"Vivaldi Du Seigneur";"21/3/2022";"Solo Datos";"Padrillo";"";"Alazán";"";"false";"";"";"";"0";"";"false";"31/12/1969";"31/12/1969";"Estado Inicial"
"148";"Linotte de Sohan";"21/3/2022";"Solo Datos";"Yegua";"";"Alazán";"";"false";"";"";"";"0";"";"false";"31/12/1969";"31/12/1969";"Estado Inicial"
"149";"Leonardo (RR)";"23/12/2019";"Tierra Santa";"Padrillo";"";"Zaino";"http://pedigreesfomento.for-our.info:9443/pedigrees/pdf_p1/?aafe_buscado=556533";"false";"Rebel Du Lys (RR)";"Con Air";"";"0";"Ingreso a Tierra Santa el 08/12/2022";"true";"31/12/1969";"31/12/1969";"Training"
"150";"Mataco (RR)";"25/3/2021";"Haras San Jose Del Moro";"Padrillo";"";"Tordillo";"";"false";"Puma";"Grandorado TN";"";"0";"";"true";"31/12/1969";"31/12/1969";"Estado Inicial"
"151";"Cardento";"21/3/2022";"Solo Datos";"Padrillo";"";"Alazán";"";"false";"";"";"";"0";"";"false";"31/12/1969";"31/12/1969";"Estado Inicial"
"152";"Medusa";"21/3/2022";"Solo Datos";"Yegua";"";"Alazán";"";"false";"";"";"";"0";"";"false";"31/12/1969";"31/12/1969";"Estado Inicial"
"153";"Matrix";"25/5/2002";"Haras San Jose Del Moro";"Padrillo";"";"Tordillo";"";"false";"Medusa";"Cardento";"";"0";"";"true";"31/12/1969";"31/12/1969";"Jubilado"
"154";"Midas (RR)";"24/8/2020";"Haras San Jose Del Moro";"Padrillo";"";"Zaino";"";"false";"Marianita Candelaria";"Grandorado TN";"";"0";"";"true";"31/12/1969";"31/12/1969";"Estado Inicial"
"155";"Obelix";"1/1/2006";"Haras San Jose Del Moro";"Padrillo";"";"Zaino";"";"false";"";"";"";"0";"";"true";"31/12/1969";"31/12/1969";"Jubilado"
"156";"Paradiso (RR)";"15/12/2020";"Haras San Jose Del Moro";"Padrillo";"";"Zaino";"";"false";"Hilary Van T Paradijs";"Diablo Blanco";"";"0";"";"true";"31/12/1969";"31/12/1969";"Estado Inicial"
"157";"Petisa (Ama)";"21/3/2022";"Haras San Jose Del Moro";"Yegua";"";"Alazán";"";"false";"";"";"";"0";"";"true";"31/12/1969";"31/12/1969";"Jubilado"
"158";"Pochoclo";"21/3/2022";"San Ignacio";"Padrillo";"";"Alazán";"";"false";"";"";"";"0";"";"true";"31/12/1969";"31/12/1969";"Estado Inicial"
"159";"R1366 / ";"21/3/2022";"Doña Pilar (Embriones)";"Yegua";"";"Alazán";"";"false";"";"";"";"0";"";"false";"31/12/1969";"31/12/1969";"Estado Inicial"
"160";"R3632 / ";"21/3/2022";"Doña Pilar (Embriones)";"Yegua";"";"Alazán";"";"false";"";"";"";"0";"";"false";"31/12/1969";"31/12/1969";"Estado Inicial"
"161";"R3838 / ";"21/3/2022";"Doña Pilar (Embriones)";"Yegua";"";"Alazán";"";"false";"";"";"";"0";"";"false";"31/12/1969";"31/12/1969";"Estado Inicial"
"162";"R3942 / ";"21/3/2022";"Doña Pilar (Embriones)";"Yegua";"";"Alazán";"";"false";"";"";"";"0";"";"false";"31/12/1969";"31/12/1969";"Estado Inicial"
"163";"R3955 / ";"21/3/2022";"Doña Pilar (Embriones)";"Yegua";"";"Alazán";"";"false";"";"";"";"0";"";"false";"31/12/1969";"31/12/1969";"Estado Inicial"
"164";"R4072 / ";"21/3/2022";"Doña Pilar (Embriones)";"Yegua";"";"Alazán";"";"false";"";"";"";"0";"";"false";"31/12/1969";"31/12/1969";"Estado Inicial"
"165";"R4084 / ";"21/3/2022";"Doña Pilar (Embriones)";"Yegua";"";"Alazán";"";"false";"";"";"";"0";"";"false";"31/12/1969";"31/12/1969";"Estado Inicial"
"166";"R4100 / ";"21/3/2022";"Doña Pilar (Embriones)";"Yegua";"";"Alazán";"";"false";"";"";"";"0";"";"false";"31/12/1969";"31/12/1969";"Estado Inicial"
"167";"R4122 / ";"21/3/2022";"Doña Pilar (Embriones)";"Yegua";"";"Alazán";"";"false";"";"";"";"0";"";"false";"31/12/1969";"31/12/1969";"Estado Inicial"
"168";"Nant Air (RR)";"7/11/2014";"Europa";"Yegua";"";"Zaino";"https://www.horsetelex.com/horses/pedigree/2197683/rr-nantair";"false";"Nanta";"Con Air";"";"0";"";"true";"31/12/1969";"31/12/1969";"Training"
"169";"Rock";"1/1/2001";"Haras San Jose Del Moro";"Yegua";"";"Zaino";"";"false";"";"";"";"0";"";"true";"31/12/1969";"31/12/1969";"Jubilado"
"170";"Pionier";"21/3/2022";"Solo Datos";"Padrillo";"";"Alazán";"";"false";"";"";"";"0";"";"false";"31/12/1969";"31/12/1969";"Estado Inicial"
"171";"Imke";"21/3/2022";"Solo Datos";"Yegua";"";"Alazán";"";"false";"";"";"";"0";"";"false";"31/12/1969";"31/12/1969";"Estado Inicial"
"172";"Royal Power";"1/1/1997";"Haras San Jose Del Moro";"Padrillo";"Federico  Oyuela";"Zaino";"";"false";"";"";"";"0";"";"true";"31/12/1969";"31/12/1969";"Jubilado"
"173";"Star Light (RR)";"3/1/2020";"Haras San Jose Del Moro";"Yegua";"";"Zaino";"";"false";"Rebel Du Lys (RR)";"Con Air";"";"0";"";"true";"31/12/1969";"31/12/1969";"Yegua Madre"
"176";"Tesla Van Het Oosthof Z";"19/5/2021";"Haras San Jose Del Moro";"Padrillo";"";"Alazán";"https://www.horsetelex.nl/horses/pedigree/2269449/tesla-vh-oosthof-z";"false";"Jenna Van't Meulenhof";"Taloubet Z";"";"0";"";"true";"31/12/1969";"31/12/1969";"Estado Inicial"
"177";"Tinka's Boy";"21/3/2022";"Solo Datos";"Padrillo";"";"Alazán";"";"false";"";"";"";"0";"";"false";"31/12/1969";"31/12/1969";"Estado Inicial"
"178";"Nais de la Pomme";"21/3/2022";"Solo Datos";"Yegua";"";"Alazán";"";"false";"";"";"";"0";"";"false";"31/12/1969";"31/12/1969";"Estado Inicial"
"179";"Valiente (RR)";"11/10/2019";"Tierra Santa";"Padrillo";"";"Tordillo";"http://pedigreesfomento.for-our.info:9443/pedigrees/pdf_p1/?aafe_buscado=556529";"false";"Fetzi";"Cornet Du Lys";"";"0";"Ingreso a Tierra Santa el 08/12/2022";"true";"31/12/1969";"31/12/1969";"Training"
"180";"Yetzi (RR)";"2/12/2020";"Haras San Jose Del Moro";"Yegua";"";"Alazán";"";"false";"Fetzi";"Balou du Rouet";"";"0";"";"true";"31/12/1969";"31/12/1969";"Estado Inicial"
"182";"Copito (RR)";"4/1/2019";"Tierra Santa";"Padrillo";"";"Zaino";"https://drive.google.com/file/d/1vbn3kucpFKDnU-l1QjvSLIsclF3jI3aN/view?usp=sharing";"false";"Fetzi";"Con Air";"";"0";"Ingreso a Tierra Santa el 08/12/2022";"true";"31/12/1969";"31/12/1969";"Training"
"183";"Rey Canuto (RR)";"26/12/2018";"Tierra Santa";"Padrillo";"";"Zaino";"https://drive.google.com/file/d/1veHDzW51EyjcT-Mrr_R9f9WyW9mew4Vh/view?usp=sharing";"false";"Oriana II";"Cornet Du Lys";"Joaquin Gonzalo Albisu";"0";"Ingreso a Tierra Santa el 08/12/2022";"true";"31/12/1969";"31/12/1969";"Training"
"184";"Gautcho Da Quinta";"26/5/2006";"Tierra Santa";"Macho castrado";"Ann Rodger";"Tordillo";"https://www.horsetelex.com/horses/pedigree/687956/gautcho-da-quinta";"false";"Charmant";"Cicero Z Van Paemel";"Joaquin Gonzalo Albisu";"0";"";"true";"31/12/1969";"31/12/1969";"Training"
"185";"Callisto Des Bieffes";"2/5/2008";"Europa";"Macho castrado";"Ann Rodger";"Alazán";"https://www.horsetelex.com/horses/pedigree/1755583/callisto-des-bieffes";"true";"Sissi";"Griseldi";"Joaquin Gonzalo Albisu";"0";"";"true";"31/12/1969";"31/12/1969";"Training"
"186";"Abril Libchacca";"8/10/2016";"Haras San Jose Del Moro";"Yegua";"Ann Rodger";"Zaino";"https://drive.google.com/file/d/1qhLcoYZ4n9CSNxH650DTqtKmw4uJbMsQ/view?usp=sharing";"false";"Abril Hilcha Z";"Balou du Rouet";"Joaquin Gonzalo Albisu";"1";"Va a training en enero";"true";"31/12/1969";"31/12/1969";"Yegua Donante"
"188";"Brutus (RR)";"24/10/2016";"Haras San Jose Del Moro";"Macho castrado";"Ann Rodger";"Tordillo";"https://drive.google.com/file/d/1-BLYdQvKXllKA1OVwKbfYk0TPJKG3jWM/view?usp=sharing";"false";"Oriana Li";"Cornet Du Lys";"Alvaro Albarracin";"0";"Va a training en enero";"true";"31/12/1969";"31/12/1969";"Estado Inicial"
"189";"Morocho (RR)";"17/1/2018";"Haras San Jose Del Moro";"Padrillo";"Ann Rodger";"Zaino";"https://drive.google.com/file/d/1-gavuGPln9ngI1JF0JbaenRLrYPmKU8B/view?usp=sharing";"false";"Nanta";"Con Air";"Joaquin Gonzalo Albisu";"0";"Va a training en enero";"true";"31/12/1969";"31/12/1969";"Estado Inicial"
"190";"Martín Fierro (RR)";"5/11/2017";"Haras San Jose Del Moro";"Macho castrado";"Ann Rodger";"Tordillo";"https://drive.google.com/file/d/1-JQSoHZh_HLdSSW-CWCJCxy3rgv036GK/view?usp=sharing";"false";"Fetzi";"Cornet Du Lys";"Joaquin Gonzalo Albisu";"0";"Va a training en enero";"true";"31/12/1969";"31/12/1969";"Estado Inicial"
"191";"Juanito (RR)";"20/11/2017";"Haras San Jose Del Moro";"Padrillo";"Ann Rodger";"Tordillo";"https://drive.google.com/file/d/1-_pNnzz21BCGKaWRzUI-INZMVtKqpEEc/view?usp=sharing";"false";"Fetzi";"Cornet Du Lys";"Joaquin Gonzalo Albisu";"0";"Va a training en enero";"true";"31/12/1969";"31/12/1969";"Estado Inicial"
"192";"Rayo (RR)";"13/1/2018";"Tierra Santa";"Macho castrado";"Ann Rodger";"Tordillo";"https://drive.google.com/file/d/1-EPj_3WdAuO_HrsDYyPHgvs6Ul7BDXmi/view?usp=sharing";"false";"Fetzi";"Cornet Du Lys";"Joaquin Gonzalo Albisu";"0";"";"true";"31/12/1969";"31/12/1969";"Training"
"193";"Rufina (RR)";"6/11/2017";"Haras San Jose Del Moro";"Yegua";"";"Tordillo";"https://drive.google.com/file/d/1-SJE_f6QFeuUqtyEx_ddS7ekoAuojTbq/view?usp=sharing";"false";"Oriana II";"Cornet Du Lys";"";"0";"";"true";"31/12/1969";"31/12/1969";"Yegua Preñada"
"195";"Paco (RR)";"27/11/2016";"Vendido";"Padrillo";"";"Zaino";"https://drive.google.com/file/d/1zzecQ2f1Ao2e-A-_v-ZTTxvbTidrrl82/view?usp=sharing";"false";"Oriana II";"Cornet Du Lys";"";"0";"Sold out";"false";"31/12/1969";"31/12/1969";"Training"
"196";"Simple";"7/7/2015";"Estados Unidos";"Padrillo";"";"Alazán";"";"false";"Fetzi";"For Pleasure";"";"0";"Simple se vendio el 5/01/022 y esta en EEUU. ";"true";"31/12/1969";"31/12/1969";"Training"
"197";"For Pleasure";"21/3/2022";"Solo Datos";"Padrillo";"";"Alazán";"";"false";"";"";"";"0";"";"false";"31/12/1969";"31/12/1969";"Estado Inicial"
"198";"Vitaly (RR)";"16/12/2013";"Veigy";"Padrillo";"";"Tordillo";"https://www.horsetelex.com/horses/pedigree/2099053/rr-vitaly";"false";"Imke";"Cornet Du Lys";"";"0";"";"true";"31/12/1969";"31/12/1969";"Training"
"199";"Carcom (RR)";"29/12/2013";"Veigy";"Macho castrado";"";"Tordillo";"https://www.horsetelex.com/horses/pedigree/2205434/rr-carcom";"false";"Carmenta (RR)";"Cornet Du Lys";"Jose Larocca (h)";"0";"";"true";"31/12/1969";"31/12/1969";"Training"
"202";"Receptora 10 Noelia";"26/10/2018";"Haras San Jose Del Moro";"Yegua";"Marina Urbina";"Zaino";"";"false";"";"";"";"0";"";"true";"31/12/1969";"31/12/1969";"Yegua Receptora"
"215";"Finn Lente";"16/5/2010";"Veigy";"Macho castrado";"";"Zaino";"https://www.horsetelex.com/horses/pedigree/1845272/finn-lente";"true";"Cherlynn Lente";"Gaillard De La Pomme";"Jose Larocca (h)";"0";"";"true";"31/12/1969";"31/12/1969";"Training"
"216";"Alado (RR)";"9/4/2022";"Haras San Jose Del Moro";"Padrillo";"Marina Urbina";"Alazán";"https://www.horsetelex.com/horses/pedigree/584135/cornet-du-lys";"false";"Histoire D´hyrencourt";"Comilfo Plus Z";"";"0";"";"true";"31/12/1969";"31/12/1969";"Estado Inicial"
"219";"Comilfo Plus Z";"9/2/2009";"Solo Datos";"Padrillo";"";"Alazán";"https://www.fei.org/horse/104YF06/Comilfo-Plus-Z#pedigree";"false";"";"";"";"0";"Padrillo Europeo que se cruzo con Histoire.  Semen disponible ";"false";"31/12/1969";"31/12/1969";"Estado Inicial"
"220";"Esi Toulouse ";"1/6/2011";"Veigy";"Macho castrado";"";"Zaino";"https://www.horsetelex.com/horses/pedigree/1870222/esi-toulouse";"true";"Catina";"Livello";"Jose Larocca (h)";"0";"";"true";"31/12/1969";"31/12/1969";"Training"
"221";"Millar Van de Faunushoeve";"14/5/2012";"Veigy";"Macho castrado";"";"Zaino";"https://www.horsetelex.com/horses/pedigree/2000240/millar-van-de-faunushoeve";"true";"Esperanza Van De Faunushoeve";"Cooper Van De Heffinck";"Jose Larocca (h)";"0";"";"true";"31/12/1969";"31/12/1969";"Training"
"222";"Chades of Blue";"12/6/2008";"Haras San Jose Del Moro";"Yegua";"";"Zaino";"https://www.horsetelex.com/horses/pedigree/1661439/chades-of-blue";"true";"Zamite M";"Chacco-Blue";"Jose Larocca (h)";"1";"";"true";"31/12/1969";"31/12/1969";"Yegua Donante"
"223";"Quintino 9";"20/5/2009";"Veigy";"Macho castrado";"";"Zaino";"https://www.horsetelex.nl/horses/pedigree/1757866/quintino-9";"false";"Violette Dawn";"Quinton";"Jose Larocca (h)";"0";"";"true";"31/12/1969";"31/12/1969";"Training"
"224";"Dawsons Flex";"13/5/2013";"Veigy";"Macho castrado";"";"Zaino";"https://www.horsetelex.com/horses/pedigree/2017441/dawsons-flex";"false";"Carnalway Gold";"Flexible";"Jose Larocca (h)";"0";"";"true";"31/12/1969";"31/12/1969";"Training"
"225";"Ultimo 138";"23/4/2014";"Europa";"Macho castrado";"";"Zaino";"https://horsetelex.com/horses/pedigree/1980730/ultimo-138";"false";"Action Lady";"Uriko";"Ruben Romp";"0";"";"true";"31/12/1969";"31/12/1969";"Training"
"226";"Vangoth des Besnards";"21/5/2009";"Europa";"Macho castrado";"";"Zaino";"https://www.horsetelex.com/horses/pedigree/1834272/vangoth-des-besnards";"false";"Happy Girls";"Quartz Du Chanu";"Ruben Romp";"0";"";"true";"31/12/1969";"31/12/1969";"Training"
"229";"Abril Hilcha Z";"23/10/2012";"Solo Datos";"Yegua";"";"Alazán";"https://www.fomentoequino.net/nv_pedigrees_ver_old.php?aafe=548208";"false";"";"";"";"0";"";"false";"31/12/1969";"31/12/1969";"Estado Inicial"
"230";"Hanouk V";"21/4/2012";"Europa";"Yegua";"";"Tordillo";"https://www.horsetelex.com/horses/pedigree/1489236/hanouk-v";"false";"Anouk";"Canabis Z";"Ruben Romp";"0";"";"true";"31/12/1969";"31/12/1969";"Training"
"231";"Pucara Tilcara";"21/1/2016";"Europa";"Yegua";"";"Zaino";"https://www.horsetelex.de/horses/pedigree/2198725/pucara-tilcara";"false";"Lucien";"Fire and Ice J";"";"0";"";"true";"31/12/1969";"31/12/1969";"Training"
"232";"Casaleon";"7/5/2015";"Europa";"Padrillo";"";"Zaino";"https://www.horsetelex.de/horses/pedigree/2196284/casaleon";"false";"Ceitas";"Connect";"";"0";"";"true";"31/12/1969";"31/12/1969";"Training"
"235";"Cimply the Best";"10/7/2016";"Europa";"Macho castrado";"";"Zaino";"https://infochevaux.ifce.fr/fr/cimply-the-best-V956Qu54RYKIQf64a2uhbA/infos-generales/pdf";"false";"Vitara Blue  ";"Cabachon ";"Jose Larocca (h)";"0";"";"true";"31/12/1969";"31/12/1969";"Training"
"238";"Chaman Ginn";"8/5/2012";"Est. Priv. El Colonial";"Macho castrado";"Ann Rodger";"Alazán";"";"false";"";"";"Juan Benitez Gallardo";"0";"";"true";"31/12/1969";"31/12/1969";"Training"
"239";"Better Win";"27/4/2022";"Est. Hipico Sol de las Marias";"Macho castrado";"Ann Rodger";"Zaino";"";"false";"";"";"Marcos Bracco";"0";"";"true";"31/12/1969";"31/12/1969";"Training"
"240";"Cash de Cedres ";"20/7/2012";"Est. Hipico Sol de las Marias";"Macho castrado";"Ann Rodger";"Alazán";"";"false";"";"";"Luciano Brunello";"0";"";"true";"31/12/1969";"31/12/1969";"Training"
"243";"Royal Croissant";"14/6/2006";"Haras San Jose Del Moro";"Yegua";"";"Tordillo";"";"false";"";"";"";"1";"";"true";"31/12/1969";"31/12/1969";"Yegua Donante"
"248";"Receptora 18 Natalia";"1/1/2018";"Haras San Jose Del Moro";"Yegua";"";"Zaino";"";"false";"";"";"";"1";"";"true";"31/12/1969";"31/12/1969";"Yegua Preñada"
"249";"Receptora 04 La Sueca";"1/1/2015";"Haras San Jose Del Moro";"Yegua";"";"Alazán";"";"false";"";"";"";"1";"";"true";"31/12/1969";"31/12/1969";"Yegua Receptora"
"250";"Receptora 09 Rosita";"1/1/2018";"Haras San Jose Del Moro";"Yegua";"";"Zaino";"";"false";"";"";"";"1";"";"true";"31/12/1969";"31/12/1969";"Yegua Receptora"
"251";"Receptora 08 Margot";"1/1/2012";"Haras San Jose Del Moro";"Yegua";"";"Alazán";"";"false";"";"";"";"1";"";"true";"31/12/1969";"31/12/1969";"Yegua Receptora"
"252";"Receptora 11 Martina";"27/9/2014";"Haras San Jose Del Moro";"Yegua";"";"Zaino";"";"false";"";"";"";"1";"";"true";"31/12/1969";"31/12/1969";"Yegua Preñada"
"253";"Boromir Desviolettes";"16/5/2011";"Veigy";"Macho castrado";"";"Alazán";"https://www.horsetelex.com/horses/pedigree/1771543/boromir-desviolettes";"false";"Soucolline";"Panama Tame";"";"0";"";"true";"31/12/1969";"31/12/1969";"Training"
"254";"Cluedo II";"5/4/2009";"Veigy";"Macho castrado";"";"Zaino";"https://www.horsetelex.com/horses/pedigree/756015/cluedo-ii";"false";"Vicky VI";"Caretino";"";"0";"";"true";"31/12/1969";"31/12/1969";"Training"
"255";"AN Barney";"14/4/2015";"Europa";"Macho castrado";"";"Zaino";"";"false";"";"";"";"0";"";"true";"31/12/1969";"31/12/1969";"Training"
"256";"Belico Royal ";"26/4/2015";"Europa";"Padrillo";"";"Zaino";"https://www.horsetelex.de/horses/pedigree/1966220/belico-royal";"false";"Capone";"Bellini Royal";"";"0";"";"true";"31/12/1969";"31/12/1969";"Training"
"257";"Elton Van Het Exelhof Z";"1/4/2012";"Europa";"Macho castrado";"";"Zaino";"https://www.horsetelex.com/horses/pedigree/1885068/elton-van-het-exelhof-z";"false";"S-Racey";"Elvis Ter Putte";"";"0";"";"true";"31/12/1969";"31/12/1969";"Training"
"258";"Next Generation 4";"25/5/2012";"Europa";"Yegua";"";"Zaino";"https://www.horsetelex.com/horses/pedigree/2022343/next-generation-4";"false";"Cosima-Balldame JM";"Numero Uno";"";"0";"";"true";"31/12/1969";"31/12/1969";"Training"
"259";"Orlano Z";"27/10/2013";"Europa";"Padrillo";"";"Zaino";"https://www.horsetelex.com/horses/pedigree/1733717/orlano-z";"false";"Culana II Z";"Orbano";"";"0";"";"true";"31/12/1969";"31/12/1969";"Training"
"260";"Picasso Vd Zwartbleshoeve";"14/4/2015";"Europa";"Padrillo";"";"Tordillo";"https://www.horsetelex.com/horses/pedigree/1792991/picasso-vd-zwartbleshoeve";"false";"Kalinka Vd Zwartbleshoeve";"Cornet Obolensky";"";"0";"";"true";"31/12/1969";"31/12/1969";"Training"
"261";"Tehuelche";"10/4/2013";"Europa";"Macho castrado";"";"Zaino";"https://www.horsetelex.com/horses/pedigree/2157445/tehuelche";"false";"Quick Palm";"Conthargos";"";"0";"";"true";"31/12/1969";"31/12/1969";"Training"
"262";"BM Gran Fantasía";"16/8/2008";"Europa";"Macho castrado";"";"Zaino";"https://www.horsetelex.com/horses/pedigree/2097336/b-m-gran-fantasia";"false";"Be Eme Fantastica";"As Fe Grande";"";"0";"";"true";"31/12/1969";"31/12/1969";"Training"
"263";"Centador";"20/6/2014";"Europa";"Macho castrado";"";"Zaino";"https://www.horsetelex.com/horses/pedigree/2181212/centador";"false";"Lancette";"Centadel";"";"0";"";"true";"31/12/1969";"31/12/1969";"Training"
"264";"Gama Chape 1";"1/1/2019";"Tierra Santa";"Macho castrado";"";"Tordillo";"https://www.fomentoequino.net/nv_pedigrees_ver_old.php?aafe=556677";"false";"";"";"";"0";"Ingreso a Tierra Santa el 08/12/2022";"true";"31/12/1969";"31/12/1969";"Training"
"265";"Cherlynn Lente";"11/5/2007";"Solo Datos";"Yegua";"";"Zaino";"https://www.horsetelex.com/horses/pedigree/385487/cherlynn-lente";"false";"";"";"";"0";"";"false";"31/12/1969";"31/12/1969";"Estado Inicial"
"266";"Gaillard De La Pomme";"11/5/2006";"Solo Datos";"Padrillo";"";"Zaino";"";"false";"";"";"";"0";"";"false";"31/12/1969";"31/12/1969";"Estado Inicial"
"267";"Livello";"11/5/1999";"Solo Datos";"Padrillo";"";"Tordillo";"";"false";"";"";"";"0";"";"false";"31/12/1969";"31/12/1969";"Estado Inicial"
"268";"Catina";"11/5/2002";"Solo Datos";"Yegua";"";"Zaino";"";"false";"";"";"";"0";"";"false";"31/12/1969";"31/12/1969";"Estado Inicial"
"269";"Panama Tame";"11/5/2003";"Solo Datos";"Padrillo";"";"Zaino";"";"false";"";"";"";"0";"";"false";"31/12/1969";"31/12/1969";"Estado Inicial"
"270";"Soucolline";"11/5/2006";"Solo Datos";"Yegua";"";"Zaino";"";"false";"";"";"";"0";"";"false";"31/12/1969";"31/12/1969";"Estado Inicial"
"271";"Caretino";"11/5/1983";"Solo Datos";"Padrillo";"";"Zaino";"";"false";"";"";"";"0";"";"false";"31/12/1969";"31/12/1969";"Estado Inicial"
"272";"Vicky VI";"11/5/2005";"Solo Datos";"Yegua";"";"Zaino";"";"false";"";"";"";"0";"";"false";"31/12/1969";"31/12/1969";"Estado Inicial"
"273";"Quartz Du Chanu";"11/5/2004";"Solo Datos";"Padrillo";"";"Zaino";"";"false";"";"";"";"0";"";"false";"31/12/1969";"31/12/1969";"Estado Inicial"
"274";"Happy Girls";"11/5/1995";"Solo Datos";"Yegua";"";"Zaino";"";"false";"";"";"";"0";"";"false";"31/12/1969";"31/12/1969";"Estado Inicial"
"275";"Canabis Z";"11/5/1995";"Solo Datos";"Padrillo";"";"Zaino";"";"false";"";"";"";"0";"";"false";"31/12/1969";"31/12/1969";"Estado Inicial"
"276";"Anouk";"11/5/2005";"Solo Datos";"Yegua";"";"Tordillo";"";"false";"";"";"";"0";"";"false";"31/12/1969";"31/12/1969";"Estado Inicial"
"277";"Uriko";"11/5/2007";"Solo Datos";"Padrillo";"";"Zaino";"";"false";"";"";"";"0";"";"false";"31/12/1969";"31/12/1969";"Estado Inicial"
"278";"Action Lady";"11/5/2008";"Solo Datos";"Yegua";"";"Tordillo";"";"false";"";"";"";"0";"";"false";"31/12/1969";"31/12/1969";"Estado Inicial"
"279";"Connect";"11/5/2011";"Solo Datos";"Padrillo";"";"Zaino";"";"false";"";"";"";"0";"";"false";"31/12/1969";"31/12/1969";"Estado Inicial"
"280";"Ceitas";"11/5/2005";"Solo Datos";"Yegua";"";"Zaino";"";"false";"";"";"";"0";"";"false";"31/12/1969";"31/12/1969";"Estado Inicial"
"281";"Fire and Ice J";"11/5/2022";"Solo Datos";"Padrillo";"";"Zaino";"";"false";"";"";"";"0";"";"false";"31/12/1969";"31/12/1969";"Estado Inicial"
"282";"Lucien";"11/5/2022";"Solo Datos";"Yegua";"";"Tordillo";"";"false";"";"";"";"0";"";"false";"31/12/1969";"31/12/1969";"Estado Inicial"
"283";"Bellini Royal";"11/5/2011";"Solo Datos";"Padrillo";"";"Zaino";"";"false";"";"";"";"0";"";"false";"31/12/1969";"31/12/1969";"Estado Inicial"
"284";"Capone";"11/5/2022";"Solo Datos";"Yegua";"";"Tordillo";"";"false";"";"";"";"0";"";"false";"31/12/1969";"31/12/1969";"Estado Inicial"
"285";"Elvis Ter Putte";"11/5/2004";"Solo Datos";"Padrillo";"";"Zaino";"";"false";"";"";"";"0";"";"false";"31/12/1969";"31/12/1969";"Estado Inicial"
"286";"S-Racey";"11/5/2002";"Solo Datos";"Yegua";"";"Zaino";"";"false";"";"";"";"0";"";"false";"31/12/1969";"31/12/1969";"Estado Inicial"
"287";"Numero Uno";"11/5/1995";"Solo Datos";"Padrillo";"";"Zaino";"";"false";"";"";"";"0";"";"false";"31/12/1969";"31/12/1969";"Estado Inicial"
"288";"Cosima-Balldame JM";"11/5/2022";"Solo Datos";"Yegua";"";"Tordillo";"";"false";"";"";"";"0";"";"false";"31/12/1969";"31/12/1969";"Estado Inicial"
"289";"Orbano";"11/5/2002";"Solo Datos";"Padrillo";"";"Zaino";"";"false";"";"";"";"0";"";"false";"31/12/1969";"31/12/1969";"Estado Inicial"
"290";"Culana II Z";"11/5/2005";"Solo Datos";"Yegua";"";"Tordillo";"";"false";"";"";"";"0";"";"false";"31/12/1969";"31/12/1969";"Estado Inicial"
"291";"Cornet Obolensky";"11/5/1999";"Solo Datos";"Padrillo";"";"Tordillo";"";"false";"";"";"";"0";"";"false";"31/12/1969";"31/12/1969";"Estado Inicial"
"292";"Kalinka Vd Zwartbleshoeve";"11/5/2010";"Solo Datos";"Yegua";"";"Zaino";"";"false";"";"";"";"0";"";"false";"31/12/1969";"31/12/1969";"Estado Inicial"
"293";"Conthargos";"11/5/2004";"Solo Datos";"Padrillo";"";"Zaino";"";"false";"";"";"";"12";"";"false";"31/12/1969";"31/12/1969";"Estado Inicial"
"294";"Quick Palm";"11/5/1995";"Solo Datos";"Yegua";"";"Zaino";"";"false";"";"";"";"0";"";"false";"31/12/1969";"31/12/1969";"Estado Inicial"
"295";"As Fe Grande";"11/5/2022";"Solo Datos";"Padrillo";"";"Zaino";"";"false";"";"";"";"0";"";"false";"31/12/1969";"31/12/1969";"Estado Inicial"
"296";"Be Eme Fantastica";"11/5/2000";"Solo Datos";"Yegua";"";"Zaino";"";"false";"";"";"";"0";"";"false";"31/12/1969";"31/12/1969";"Estado Inicial"
"297";"Centadel";"11/5/2002";"Solo Datos";"Padrillo";"";"Zaino";"";"false";"";"";"";"0";"";"false";"31/12/1969";"31/12/1969";"Estado Inicial"
"298";"Lancette";"11/5/1998";"Solo Datos";"Yegua";"";"Zaino";"";"false";"";"";"";"0";"";"false";"31/12/1969";"31/12/1969";"Estado Inicial"
"299";"Chablis Du Lys";"11/5/2000";"Solo Datos";"Yegua";"";"Zaino";"";"false";"";"";"";"0";"";"false";"31/12/1969";"31/12/1969";"Estado Inicial"
"300";"Carabas Van De Wateringhoeve";"15/5/2002";"Solo Datos";"Padrillo";"";"Zaino";"";"false";"";"";"";"0";"";"false";"31/12/1969";"31/12/1969";"Estado Inicial"
"301";"Easy Van ´T Paradijs";"15/5/2022";"Solo Datos";"Yegua";"";"Zaino";"";"false";"";"";"";"0";"";"false";"31/12/1969";"31/12/1969";"Estado Inicial"
"302";"Toulon";"15/5/1996";"Solo Datos";"Padrillo";"";"Zaino";"";"false";"";"";"";"0";"";"false";"31/12/1969";"31/12/1969";"Estado Inicial"
"303";"Galatee";"15/5/1990";"Solo Datos";"Yegua";"";"Zaino";"";"false";"";"";"";"0";"";"false";"31/12/1969";"31/12/1969";"Estado Inicial"
"304";"Taloubet Z";"15/5/2000";"Solo Datos";"Padrillo";"";"Alazán";"";"false";"";"";"";"0";"";"false";"31/12/1969";"31/12/1969";"Estado Inicial"
"305";"Jenna Van´T Meulenhof";"15/5/2009";"Solo Datos";"Yegua";"";"Zaino";"";"false";"";"";"";"0";"";"false";"31/12/1969";"31/12/1969";"Estado Inicial"
"306";"Zandor Z";"15/5/2022";"Solo Datos";"Padrillo";"";"Zaino";"";"false";"";"";"";"0";"";"false";"31/12/1969";"31/12/1969";"Estado Inicial"
"307";"My Dear Des Isles";"15/5/2022";"Solo Datos";"Yegua";"";"Zaino";"";"false";"";"";"";"0";"";"false";"31/12/1969";"31/12/1969";"Estado Inicial"
"308";"Charmant";"15/5/2022";"Solo Datos";"Yegua";"";"Zaino";"";"false";"";"";"";"0";"";"false";"31/12/1969";"31/12/1969";"Estado Inicial"
"309";"Griseldi";"17/5/1992";"Solo Datos";"Padrillo";"";"Zaino";"";"false";"";"";"";"0";"";"false";"31/12/1969";"31/12/1969";"Estado Inicial"
"310";"Sissi";"17/5/1995";"Solo Datos";"Yegua";"";"Zaino";"https://www.horsetelex.com/horses/pedigree/324894/sissi";"false";"";"";"";"0";"";"false";"31/12/1969";"31/12/1969";"Estado Inicial"
"311";"Chacco-Blue";"17/5/1998";"Solo Datos";"Padrillo";"";"Zaino";"https://www.horsetelex.com/horses/pedigree/118901/chacco-blue";"false";"";"";"";"0";"";"false";"31/12/1969";"31/12/1969";"Estado Inicial"
"312";"Zamite M";"17/5/2004";"Solo Datos";"Yegua";"";"Zaino";"https://www.horsetelex.com/horses/pedigree/119722/zamite-m";"false";"";"";"";"0";"";"false";"31/12/1969";"31/12/1969";"Estado Inicial"
"313";"Flexible";"17/5/1996";"Solo Datos";"Padrillo";"";"Zaino";"https://www.horsetelex.com/horses/pedigree/546009/flexible";"false";"";"";"";"0";"";"false";"31/12/1969";"31/12/1969";"Estado Inicial"
"314";"Carnalway Gold";"17/5/1998";"Solo Datos";"Yegua";"";"Zaino";"https://www.horsetelex.com/horses/pedigree/2017439/carnalway-gold";"false";"";"";"";"0";"";"false";"31/12/1969";"31/12/1969";"Estado Inicial"
"315";"Pennycent";"17/5/1999";"Solo Datos";"Yegua";"";"Zaino";"https://www.horsetelex.com/horses/pedigree/624466/pennycent";"false";"";"";"";"0";"";"false";"31/12/1969";"31/12/1969";"Estado Inicial"
"316";"Cooper Van De Heffinck";"17/5/2004";"Solo Datos";"Padrillo";"";"Zaino";"https://www.horsetelex.com/horses/pedigree/175320/cooper-van-de-heffinck";"false";"";"";"";"0";"";"false";"31/12/1969";"31/12/1969";"Estado Inicial"
"317";"Esperanza Van De Faunushoeve";"17/5/2004";"Solo Datos";"Yegua";"";"Zaino";"https://www.horsetelex.com/horses/pedigree/582189/esperanza-van-de-faunushoeve";"false";"";"";"";"0";"";"false";"31/12/1969";"31/12/1969";"Estado Inicial"
"318";"Quinton";"17/5/2005";"Solo Datos";"Padrillo";"";"Zaino";"https://www.horsetelex.nl/horses/pedigree/254923/quinton";"false";"";"";"";"0";"";"false";"31/12/1969";"31/12/1969";"Estado Inicial"
"319";"Violette Dawn";"17/5/2005";"Solo Datos";"Yegua";"";"Zaino";"https://www.horsetelex.nl/horses/pedigree/314245/violette-dawn";"false";"";"";"";"0";"";"false";"31/12/1969";"31/12/1969";"Estado Inicial"
"320";"Carmenta (RR)";"17/5/2010";"Vendido";"Yegua";"";"Zaino";"https://www.horsetelex.com/horses/pedigree/2205435/rr-carmenta";"false";"Carmela";"Cardento";"";"0";"";"false";"31/12/1969";"31/12/1969";"Training"
"321";"Najac Vh Kluizebos ";"9/5/2013";"Europa";"Padrillo";"";"Tordillo";"";"false";"";"";"";"0";"";"true";"31/12/1969";"31/12/1969";"Training"
"322";"Cabachon ";"24/5/2022";"Solo Datos";"Padrillo";"";"Tordillo";"";"false";"";"";"";"0";"";"false";"31/12/1969";"31/12/1969";"Estado Inicial"
"323";"Vitara Blue  ";"24/5/2022";"Solo Datos";"Yegua";"";"Tordillo";"";"false";"";"";"";"0";"";"false";"31/12/1969";"31/12/1969";"Estado Inicial"
"324";"Cannavaro 9";"2/4/2004";"Haras San Jose Del Moro";"Macho castrado";"";"Zaino";"";"false";"";"";"";"1";"";"true";"31/12/1969";"31/12/1969";"Jubilado"
"325";"R4105";"28/6/2022";"Haras San Jose Del Moro";"Yegua";"";"Zaino";"";"false";"";"";"";"0";"";"true";"31/12/1969";"31/12/1969";"Yegua Preñada"
"326";"R4238";"28/6/2022";"Haras San Jose Del Moro";"Yegua";"";"Zaino";"";"false";"";"";"";"0";"";"true";"31/12/1969";"31/12/1969";"Yegua Preñada"
"327";"R2009";"28/6/2022";"Haras San Jose Del Moro";"Yegua";"";"Alazán";"";"false";"";"";"";"0";"";"true";"31/12/1969";"31/12/1969";"Yegua Preñada"
"328";"Coriana Du Pep (RR)";"25/10/2016";"Vendido";"Yegua";"";"Zaino";"http://pedigreesfomento.for-our.info:9443/pedigrees/pdf_p1/?aafe_buscado=553256";"false";"Oriana II";"Cornet Du Lys";"";"0";"Vendida a Ricardo Dircie. Haciendo pruebas de 90 y 1 metro. Algo atrasada porque
se le sacaron varios embriones.";"false";"31/12/1969";"31/12/1969";"Training"
"329";"Cornel Du Lys (RR)";"25/8/2014";"Vendido";"Padrillo";"";"Zaino";"http://pedigreesfomento.for-our.info:9443/pedigrees/pdf_p1/?aafe_buscado=551227";"false";"Quinta 27";"Cornet Du Lys";"";"0";"Vendida a Vitor Texeira";"false";"31/12/1969";"31/12/1969";"Training"
"338";"Esmeralda (RR)";"28/9/2014";"Vendido";"Yegua";"";"Tordillo";"http://pedigreesfomento.for-our.info:9443/pedigrees/pdf_p1/?aafe_buscado=553362";"false";"Nanta";"Cornet Du Lys";"";"0";"Vendida a Vitor Texeira";"false";"31/12/1969";"31/12/1969";"Training"
"339";"Kaktus (RR)";"17/2/2015";"Estados Unidos";"Macho castrado";"";"Tordillo";"http://pedigreesfomento.for-our.info:9443/pedigrees/pdf_p1/?aafe_buscado=553363";"false";"Ballycullen P. Compadre";"Cornet Du Lys";"";"0";"";"true";"31/12/1969";"31/12/1969";"Training"
"340";"Air Power (RR)";"30/11/2011";"Vendido";"Macho castrado";"";"Zaino";"http://pedigreesfomento.for-our.info:9443/pedigrees/pdf_p1/?aafe_buscado=545440";"false";"Imke";"Con Air";"";"0";"";"false";"31/12/1969";"31/12/1969";"Estado Inicial"
"350";"Con Beauty (RR)";"11/11/2013";"Vendido";"Yegua";"";"Zaino";"http://pedigreesfomento.for-our.info:9443/pedigrees/pdf_p1/?aafe_buscado=549524";"false";"Imke";"Con Air";"";"0";"Vendida a Vitor Texeira";"false";"31/12/1969";"31/12/1969";"Training"
"351";"Con Pipo (RR)";"23/10/2013";"Vendido";"Macho castrado";"";"Zaino";"http://pedigreesfomento.for-our.info:9443/pedigrees/pdf_p1/?aafe_buscado=549525";"false";"Imke";"Con Air";"";"0";"Vendida a Vitor Texeira";"false";"31/12/1969";"31/12/1969";"Training"
"352";"Tarascon (RR)";"15/11/2019";"Fallecido";"Macho castrado";"";"Zaino";"http://pedigreesfomento.for-our.info:9443/pedigrees/pdf_p1/?aafe_buscado=556534";"false";"Fetzi";"Con Air";"";"0";"";"false";"31/12/1969";"31/12/1969";"Estado Inicial"
"354";"Canairy (RR)";"16/12/2012";"Estados Unidos";"Yegua";"";"Zaino";"http://pedigreesfomento.for-our.info:9443/pedigrees/pdf_p1/?aafe_buscado=547936";"false";"Casandra";"Con Air";"";"0";"Vendida";"true";"31/12/1969";"31/12/1969";"Training"
"355";"Carmela";"4/7/2022";"Solo Datos";"Yegua";"";"Zaino";"";"false";"";"";"";"0";"";"false";"31/12/1969";"31/12/1969";"Yegua Madre"
"362";"Bellair (RR)";"16/1/2013";"Estados Unidos";"Yegua";"";"Zaino";"http://pedigreesfomento.for-our.info:9443/pedigrees/pdf_p1/?aafe_buscado=547935";"false";"Carmela";"Con Air";"";"0";"Vendida";"true";"31/12/1969";"31/12/1969";"Yeguas Apto servicio"
"363";"Casandra";"4/7/2022";"Solo Datos";"Yegua";"";"Zaino";"";"false";"";"";"";"0";"";"false";"31/12/1969";"31/12/1969";"Yegua Madre"
"364";"Arquimedes (RR)";"12/1/2020";"Fallecido";"Padrillo";"";"Tordillo";"";"false";"Quinta 27";"Balou du Rouet";"";"0";"Este caballo fue sacrificado en Junio 2021 luego de un cuadro neurologico";"false";"31/12/1969";"31/12/1969";"Estado Inicial"
"365";"Rambella";"5/7/2022";"Solo Datos";"Yegua";"";"Zaino";"https://www.fomentoequino.net/nv_pedigrees_ver_old.php?aafe=535836";"false";"";"";"";"0";"";"false";"31/12/1969";"31/12/1969";"Estado Inicial"
"366";"Indoctro";"8/6/1990";"Solo Datos";"Padrillo";"";"Zaino";"https://www.fomentoequino.net/nv_pedigrees_ver_old.php?aafe=530153";"false";"";"";"";"0";"";"false";"31/12/1969";"31/12/1969";"Estado Inicial"
"367";"Bella Doctra (RR)";"3/1/2010";"Vendido";"Yegua";"";"Zaino";"https://www.fomentoequino.net/nv_pedigrees_ver_old.php?aafe=545148";"false";"Rambella";"Indoctro";"";"0";"Yegua encontrada en Fomento equino Confirmar Datos";"false";"31/12/1969";"31/12/1969";"Training"
"368";"Caracolla (RR)";"19/1/2014";"Vendido";"Yegua";"";"Tordillo";"https://www.fomentoequino.net/nv_pedigrees_ver_old.php?aafe=549511";"false";"Carmela";"Cornet Du Lys";"";"0";"Datos encontrados en Fomento equino Confirmar detalles de datos en plataforma";"false";"31/12/1969";"31/12/1969";"Training"
"369";"CDL IMKE (RR)";"20/10/2014";"Vendido";"Yegua";"";"Tordillo";"https://www.fomentoequino.net/nv_pedigrees_ver_old.php?aafe=551228";"false";"Imke";"Cornet Du Lys";"";"0";"Datos en Fomento equino Confirmar datos para plataforma";"false";"31/12/1969";"31/12/1969";"Training"
"370";"Combella (RR)";"2/1/2014";"Vendido";"Yegua";"";"Zaino";"https://www.fomentoequino.net/nv_pedigrees_ver_old.php?aafe=549509";"false";"Bella Doctra (RR)";"Cornet Du Lys";"";"0";"Datos encontrados en Fomento equino Actualmente saltando en colombia con Juan
Pablo Betancourt Gano el nacional de colombia 19/09/2022";"false";"31/12/1969";"31/12/1969";"Training"
"371";"Colman";"15/6/1996";"Solo Datos";"Padrillo";"";"Tordillo";"";"false";"";"";"";"0";"";"false";"31/12/1969";"31/12/1969";"Estado Inicial"
"372";"Cool Quinto (RR)";"3/5/2013";"Vendido";"Macho castrado";"";"Zaino";"https://www.fomentoequino.net/nv_pedigrees_ver_old.php?aafe=550038";"false";"Quinta 27";"Colman";"";"0";"Datos en fomento equino Confirmar datos para plataforma";"false";"31/12/1969";"31/12/1969";"Training"
"373";"Gold cherry";"5/7/2022";"Solo Datos";"Yegua";"";"Tordillo";"";"false";"";"";"";"0";"";"false";"31/12/1969";"31/12/1969";"Estado Inicial"
"374";"Receptora 01";"1/1/2018";"Haras San Jose Del Moro";"Yegua";"";"Tordillo";"";"false";"";"";"";"0";"";"true";"31/12/1969";"31/12/1969";"Yegua Receptora"
"375";"Receptora 02";"1/1/2018";"Haras San Jose Del Moro";"Yegua";"";"Alazán";"";"false";"";"";"";"0";"";"true";"31/12/1969";"31/12/1969";"Yegua Preñada"
"376";"Receptora 03";"14/7/2022";"Fallecido";"Yegua";"";"Tordillo";"";"false";"";"";"";"0";"";"false";"31/12/1969";"31/12/1969";"Estado Inicial"
"377";"Receptora 05";"14/7/2022";"Haras San Jose Del Moro";"Yegua";"";"Tordillo";"";"false";"";"";"";"0";"";"true";"31/12/1969";"31/12/1969";"Yegua Preñada"
"378";"Receptora 06";"14/7/2022";"Haras San Jose Del Moro";"Yegua";"";"Zaino";"";"false";"";"";"";"0";"";"true";"31/12/1969";"31/12/1969";"Yegua Preñada"
"379";"Receptora 07";"1/1/2018";"Haras San Jose Del Moro";"Yegua";"";"Tordillo";"";"false";"";"";"";"0";"";"true";"31/12/1969";"31/12/1969";"Yegua Receptora"
"380";"Receptora 14";"14/7/2022";"Doña Pilar (Embriones)";"Yegua";"";"Alazán";"";"false";"";"";"";"0";"Yegua devuelta";"false";"31/12/1969";"31/12/1969";"Estado Inicial"
"381";"Receptora 12";"1/1/2018";"Haras San Jose Del Moro";"Yegua";"";"Alazán";"";"false";"";"";"";"0";"";"true";"31/12/1969";"31/12/1969";"Yegua Receptora"
"382";"Receptora 13";"1/1/2018";"Haras San Jose Del Moro";"Yegua";"";"Tordillo";"";"false";"";"";"";"0";"";"true";"31/12/1969";"31/12/1969";"Yegua Receptora"
"383";"Bonete Chico (RR)";"2/8/2022";"Haras San Jose Del Moro";"Padrillo";"Marina Urbina";"Zaino";"";"false";"Cheerleader Of Picobello";"Contacted heffinck";"";"0";"";"true";"31/12/1969";"31/12/1969";"Estado Inicial"
"384";"Lexie C";"12/5/2011";"Fallecido";"Yegua";"";"Zaino";"https://www.horsetelex.com/horses/pedigree/1569123/lexie-c";"false";"";"";"";"0";"Viaja para arg en septiembre 2022";"false";"31/12/1969";"31/12/1969";"Yegua Madre"
"385";"Cabaja O.H.";"3/8/2007";"Haras San Jose Del Moro";"Yegua";"";"Tordillo";"https://www.horsetelex.com/horses/pedigree/379176/cabaja-o-h-";"false";"K-Baja";"Cassini I";"";"0";"Viaja para arg en septiembre 2022 con el potrillo Cimarrón por CDL";"true";"31/12/1969";"31/12/1969";"Yegua con Potrillo al Pie"
"386";"Cimarrón Z";"12/5/2022";"Haras San Jose Del Moro";"Padrillo";"";"Zaino";"https://www.horsetelex.com/horses/pedigree/2331495/rr-cimarr-n";"false";"Cabaja O.H.";"Cornet Du Lys";"";"0";"Hijo de cabaja por cdl viajan a arg en sept 22";"true";"31/12/1969";"31/12/1969";"Estado Inicial"
"388";"Receptora 15";"1/1/2018";"Haras San Jose Del Moro";"Yegua";"";"Alazán";"";"false";"";"";"";"0";"";"true";"31/12/1969";"31/12/1969";"Yegua Receptora"
"389";"Receptora 16";"1/1/2018";"Haras San Jose Del Moro";"Yegua";"";"Alazán";"";"false";"";"";"";"0";"";"true";"31/12/1969";"31/12/1969";"Yegua Receptora"
"390";"Receptora 17";"1/1/2018";"Haras San Jose Del Moro";"Yegua";"";"Alazán";"";"false";"";"";"";"0";"";"true";"31/12/1969";"31/12/1969";"Yegua Receptora"
"392";"Bumbuna (RR)";"7/9/2022";"Haras San Jose Del Moro";"Yegua";"";"Alazán";"";"false";"Puma";"Casall";"";"0";"";"true";"31/12/1969";"31/12/1969";"Estado Inicial"
"393";"Bandido (RR)";"26/9/2022";"Haras San Jose Del Moro";"Padrillo";"Marina Urbina";"Tordillo";"";"false";"Charlota (RR)";"Cornet Du Lys";"";"0";"";"true";"31/12/1969";"31/12/1969";"Estado Inicial"
"394";"Bermeja (RR)";"1/10/2022";"Haras San Jose Del Moro";"Yegua";"Marina Urbina";"Alazán";"";"false";"Hilary Van T Paradijs";"Cornet Du Lys";"";"0";"";"true";"31/12/1969";"31/12/1969";"Estado Inicial"
"395";"Blanquita (RR)";"10/10/2022";"Haras San Jose Del Moro";"Yegua";"Marina Urbina";"Zaino";"";"false";"Roldana (RR)";"Cornet Du Lys";"";"0";"";"true";"31/12/1969";"31/12/1969";"Estado Inicial"
"396";"Brigit (RR)";"24/10/2022";"Haras San Jose Del Moro";"Yegua";"Marina Urbina";"Tordillo";"";"false";"Royal Croissant";"Diablo Blanco";"";"0";"";"true";"31/12/1969";"31/12/1969";"Estado Inicial"
"397";"Receptora 19";"1/1/2018";"Haras San Jose Del Moro";"Yegua";"";"Zaino";"";"false";"";"";"";"0";"";"true";"31/12/1969";"31/12/1969";"Yegua Receptora"
"398";"Receptora 20";"1/1/2018";"Haras San Jose Del Moro";"Yegua";"";"Zaino";"";"false";"";"";"";"0";"";"true";"31/12/1969";"31/12/1969";"Yegua Preñada"
"399";"Receptora 21";"1/1/2018";"Haras San Jose Del Moro";"Yegua";"";"Zaino";"";"false";"";"";"";"0";"";"true";"31/12/1969";"31/12/1969";"Yegua Receptora"
"400";"Receptora 22";"1/1/2018";"Haras San Jose Del Moro";"Yegua";"";"Zaino";"";"false";"";"";"";"0";"";"true";"31/12/1969";"31/12/1969";"Yegua Preñada"
"401";"Receptora 23";"1/1/2018";"Haras San Jose Del Moro";"Yegua";"";"Alazán";"";"false";"";"";"";"0";"";"true";"31/12/1969";"31/12/1969";"Yegua Receptora"
"402";"Receptora 24";"1/1/2018";"Haras San Jose Del Moro";"Yegua";"";"Zaino";"";"false";"";"";"";"0";"";"true";"31/12/1969";"31/12/1969";"Yegua Receptora"
"403";"Receptora 25";"1/1/2018";"Haras San Jose Del Moro";"Yegua";"";"Zaino";"";"false";"";"";"";"0";"";"true";"31/12/1969";"31/12/1969";"Yegua Receptora"
"404";"Receptora 26";"1/1/2018";"Haras San Jose Del Moro";"Yegua";"";"Tordillo";"";"false";"";"";"";"0";"";"true";"31/12/1969";"31/12/1969";"Yegua Receptora"
"405";"Receptora 27";"1/1/2018";"Haras San Jose Del Moro";"Yegua";"";"Zaino";"";"false";"";"";"";"0";"";"true";"31/12/1969";"31/12/1969";"Yegua Preñada"
"406";"Receptora 28";"1/1/2018";"Haras San Jose Del Moro";"Yegua";"";"Zaino";"";"false";"";"";"";"0";"";"true";"31/12/1969";"31/12/1969";"Yegua Receptora"
"407";"Receptora 29";"1/1/2018";"Haras San Jose Del Moro";"Yegua";"";"Zaino";"";"false";"";"";"";"0";"";"true";"31/12/1969";"31/12/1969";"Yegua Receptora"
"408";"Receptora 30";"1/1/2018";"Haras San Jose Del Moro";"Yegua";"";"Alazán";"";"false";"";"";"";"0";"";"true";"31/12/1969";"31/12/1969";"Yegua Receptora"
"409";"Receptora 31";"1/1/2018";"Haras San Jose Del Moro";"Yegua";"";"Zaino";"";"false";"";"";"";"0";"";"true";"31/12/1969";"31/12/1969";"Yegua Receptora"
"410";"Receptora 32";"1/1/2018";"Haras San Jose Del Moro";"Yegua";"";"Zaino";"";"false";"";"";"";"0";"";"true";"31/12/1969";"31/12/1969";"Yegua Receptora"
"411";"Receptora 33";"1/1/2018";"Haras San Jose Del Moro";"Yegua";"";"Zaino";"";"false";"";"";"";"0";"";"true";"31/12/1969";"31/12/1969";"Yegua Receptora"
"412";"Receptora 34";"1/1/2018";"Haras San Jose Del Moro";"Yegua";"";"Zaino";"";"false";"";"";"";"0";"";"true";"31/12/1969";"31/12/1969";"Yegua Receptora"
"413";"Receptora 35";"1/1/2018";"Haras San Jose Del Moro";"Yegua";"";"Zaino";"";"false";"";"";"";"0";"";"true";"31/12/1969";"31/12/1969";"Yegua Receptora"
"414";"Receptora 36";"1/1/2018";"Haras San Jose Del Moro";"Yegua";"";"Zaino";"";"false";"";"";"";"0";"";"true";"31/12/1969";"31/12/1969";"Yegua Receptora"
"415";"Receptora 37";"1/1/2018";"Haras San Jose Del Moro";"Yegua";"";"Zaino";"";"false";"";"";"";"0";"";"true";"31/12/1969";"31/12/1969";"Yegua Receptora"
"416";"Receptora 106";"1/11/2022";"Haras San Jose Del Moro";"Yegua";"";"Alazán";"";"false";"";"";"";"0";"";"true";"31/12/1969";"31/12/1969";"Yegua Preñada"
"417";"Bikini (RR)";"3/11/2022";"Haras San Jose Del Moro";"Yegua";"Marina Urbina";"Zaino";"";"false";"Ballycullen P. Compadre";"Diablo Blanco";"";"0";"";"true";"31/12/1969";"31/12/1969";"Estado Inicial"
"418";"Buñuelo (RR)";"5/11/2022";"Haras San Jose Del Moro";"Padrillo";"Marina Urbina";"Alazán";"";"false";"Royal Croissant";"Clarimo";"";"0";"";"true";"31/12/1969";"31/12/1969";"Estado Inicial"
"419";"Brava (RR)";"5/11/2022";"Haras San Jose Del Moro";"Yegua";"Marina Urbina";"Alazán";"";"false";"Hilary Van T Paradijs";"Cornet Du Lys";"";"0";"";"true";"31/12/1969";"31/12/1969";"Estado Inicial"
"420";"Boneta (RR)";"8/11/2022";"Haras San Jose Del Moro";"Yegua";"Marina Urbina";"Zaino";"";"false";"Puma";"Cornet Du Lys";"";"0";"";"true";"31/12/1969";"31/12/1969";"Estado Inicial"
"421";"Barbie (RR)";"15/11/2022";"Haras San Jose Del Moro";"Yegua";"Marina Urbina";"Zaino";"";"false";"Quinta 27";"Diablo Blanco";"";"0";"";"true";"31/12/1969";"31/12/1969";"Estado Inicial"
"422";"Baiana (RR)";"15/11/2022";"Haras San Jose Del Moro";"Yegua";"Marina Urbina";"Zaino";"";"false";"Hilary Van T Paradijs";"Cornet Du Lys";"";"0";"";"true";"31/12/1969";"31/12/1969";"Estado Inicial"
"423";"Bacana (RR)";"14/11/2022";"Haras San Jose Del Moro";"Yegua";"Marina Urbina";"Tordillo";"";"false";"Puma";"Cornet Du Lys";"";"0";"";"true";"31/12/1969";"31/12/1969";"Estado Inicial"
"424";"Bianca (RR)";"25/11/2022";"Haras San Jose Del Moro";"Yegua";"Marina Urbina";"Zaino";"";"false";"Hilary Van T Paradijs";"Cornet Du Lys";"";"0";"";"true";"31/12/1969";"31/12/1969";"Estado Inicial"
"425";"Barracuda (RR)";"24/11/2022";"Haras San Jose Del Moro";"Padrillo";"Marina Urbina";"Tordillo";"";"false";"Fortuna (RR)";"Cornet Du Lys";"";"0";"";"true";"31/12/1969";"31/12/1969";"Estado Inicial"
"426";"Buenita (RR)";"3/12/2022";"Haras San Jose Del Moro";"Yegua";"";"Alazán";"";"false";"Hilary Van T Paradijs";"Cornet Du Lys";"";"0";"";"true";"31/12/1969";"31/12/1969";"Estado Inicial"
"427";"Por Nacer 1 (RR)";"8/2/2023";"Haras San Jose Del Moro";"A Definir";"";"A Definir";"";"false";"Royalty Des Isles";"Con Air";"";"0";"";"true";"31/12/1969";"31/12/1969";"Estado Inicial"
"428";"Por Nacer 2 (RR)";"29/1/2023";"Haras San Jose Del Moro";"A Definir";"";"A Definir";"";"false";"Hilary Van T Paradijs";"Con Air";"";"0";"";"true";"31/12/1969";"31/12/1969";"Estado Inicial"
"429";"Por Nacer 3 (RR)";"27/1/2023";"Haras San Jose Del Moro";"A Definir";"";"A Definir";"";"false";"Toulouse 66";"Untouchable 27";"";"0";"";"true";"31/12/1969";"31/12/1969";"Estado Inicial"
"431";"Por Nacer 5 (RR)";"18/1/2023";"Haras San Jose Del Moro";"A Definir";"";"A Definir";"";"false";"Bjerglunds Cuba";"Zatopec (RR)";"";"0";"";"true";"31/12/1969";"31/12/1969";"Estado Inicial"
"434";"Buena (RR)";"7/12/2022";"Haras San Jose Del Moro";"Yegua";"Marina Urbina";"Alazán";"";"false";"Puma";"Casall";"";"0";"";"true";"31/12/1969";"31/12/1969";"Estado Inicial"
"435";"Nombrar 5 (RR)";"8/12/2022";"Haras San Jose Del Moro";"Padrillo";"Marina Urbina";"Zaino";"";"false";"Kuka du Lys (RR)";"Con Air";"";"0";"";"true";"31/12/1969";"31/12/1969";"Estado Inicial"
"436";"Diamant de Semilly";"6/6/1991";"Solo Datos";"Padrillo";"";"Zaino";"https://www.horsetelex.com/horses/pedigree/33956/diamant-de-semilly";"false";"";"";"";"0";"";"false";"31/12/1969";"31/12/1969";"Padrillo Pajuelas"
"437";"Receptora 39";"1/1/2018";"Haras San Jose Del Moro";"Yegua";"";"Zaino";"";"false";"";"";"";"0";"";"true";"31/12/1969";"31/12/1969";"Yegua Receptora"
"438";"Receptora 40";"1/1/2018";"Haras San Jose Del Moro";"Yegua";"";"Alazán";"";"false";"";"";"";"0";"";"true";"31/12/1969";"31/12/1969";"Yegua Receptora"
"439";"K-Baja";"13/12/1990";"Solo Datos";"Yegua";"";"A Definir";"";"false";"";"";"";"0";"";"false";"31/12/1969";"31/12/1969";"Estado Inicial"
"440";"Cassini I";"13/12/1988";"Solo Datos";"Padrillo";"";"Tordillo";"http://www.globalcaballos.com/index.php/cria/90-cria/5504-el-semental-holsteiner-para-salto-cassini-i";"false";"";"";"";"0";"";"false";"31/12/1969";"31/12/1969";"Estado Inicial"
"441";"Receptora 38";"1/1/2018";"Haras San Jose Del Moro";"Yegua";"";"A Definir";"";"false";"";"";"";"0";"";"true";"31/12/1969";"31/12/1969";"Yegua Receptora"
"442";"Romo du Seigneur Z";"2/5/2022";"Europa";"Padrillo";"";"Alazán";"https://www.horsetelex.fr/horses/pedigree/2370356/romo-du-seigneur-z";"false";"";"";"";"0";"";"true";"31/12/1969";"31/12/1969";"Estado Inicial"
"443";"Whitney vd Slypshoek";"7/3/2022";"Europa";"Yegua";"";"Zaino";"https://www.horsetelex.fr/horses/pedigree/2370359/whitney-vd-slypshoek";"false";"";"";"";"0";"";"true";"31/12/1969";"31/12/1969";"Estado Inicial"
"444";"Que Bella Z (RR)";"22/5/2022";"Europa";"Yegua";"";"Zaino";"https://www.horsetelex.fr/horses/pedigree/2370364/rr-que-bella-z";"false";"";"";"";"0";"";"true";"31/12/1969";"31/12/1969";"Estado Inicial"
"445";"Tangelo Ta Belle KG Z";"15/12/2022";"Europa";"Padrillo";"";"Alazán";"https://www.horsetelex.fr/horses/pedigree/2310893/tangelo-tabelle-kg-z";"false";"";"";"";"0";"";"true";"31/12/1969";"31/12/1969";"Estado Inicial"
"446";"Bluemuch des Baleines";"21/4/2011";"Veigy";"Yegua";"";"Zaino";"https://horsetelex.com/horses/pedigree/1977166/bluemuch-des-baleines";"false";"";"Chacco-Blue";"Jose Larocca (h)";"0";"";"true";"31/12/1969";"31/12/1969";"Training"
"447";"Mr. Quincy B";"18/7/2015";"Veigy";"Padrillo";"";"Alazán";"https://www.horsetelex.com/horses/pedigree/1808190/mr-quincy-b";"false";"";"Aganix Du Seigneur Z";"Jose Larocca (h)";"0";"";"true";"31/12/1969";"31/12/1969";"Training"
"448";"Con Corrado 4";"19/4/2014";"Veigy";"Macho castrado";"";"Tordillo";"https://www.horsetelex.com/horses/pedigree/2250628/con-corrado-4";"false";"";"";"Jose Larocca (h)";"0";"";"true";"31/12/1969";"31/12/1969";"Training"
"449";"Zy-Zento";"27/5/2014";"Veigy";"Macho castrado";"";"Zaino";"https://www.horsetelex.com/horses/pedigree/2260630/zy-zento";"false";"";"";"Jose Larocca (h)";"0";"";"true";"31/12/1969";"31/12/1969";"Training"
"450";"Pollin van Zarrenlinde";"16/5/2015";"Europa";"Yegua";"";"Zaino";"https://www.horsetelex.fr/horses/pedigree/2283201/pollin-van-zarrenlinde";"false";"";"";"";"0";"";"true";"31/12/1969";"31/12/1969";"Training"
"451";"Domperignon";"16/2/2013";"Europa";"Macho castrado";"";"Alazán";"https://www.horsetelex.com/horses/pedigree/2076479/domperignon";"false";"";"";"";"0";"";"true";"31/12/1969";"31/12/1969";"Training"
"452";"Full Option van´t Zand";"2/5/2011";"Europa";"Macho castrado";"";"Alazán";"https://www.horsetelex.com/horses/pedigree/1938464/full-option-van-t-zand";"false";"";"";"";"0";"";"true";"31/12/1969";"31/12/1969";"Training"
"453";"Ermindo W";"3/7/2009";"Europa";"Padrillo";"";"Zaino";"https://www.horsetelex.com/horses/pedigree/463572/ermindo-w";"false";"";"";"";"0";"";"true";"31/12/1969";"31/12/1969";"Training"
"454";"Catch Me";"24/4/2012";"Europa";"Yegua";"";"Tordillo";"https://www.horsetelex.com/horses/pedigree/1488013/electra-vii";"false";"";"";"";"0";"";"true";"31/12/1969";"31/12/1969";"Training"
"455";"Denzel";"15/12/2000";"Solo Datos";"Padrillo";"";"A Definir";"";"false";"";"";"";"0";"";"false";"31/12/1969";"31/12/1969";"Padrillo Pajuelas"
"456";"Por Nacer 8 (RR)";"11/9/2023";"Haras San Jose Del Moro";"A Definir";"";"A Definir";"";"false";"Alegra (RR)";"Cornet Du Lys";"";"0";"";"true";"31/12/1969";"31/12/1969";"Estado Inicial"
"457";"Por Nacer 9 (RR)";"3/11/2023";"Haras San Jose Del Moro";"A Definir";"";"A Definir";"";"false";"Bella (RR)";"Cornet Du Lys";"";"0";"";"true";"31/12/1969";"31/12/1969";"Estado Inicial"
"458";"Por Nacer 10 (RR)";"31/10/2023";"Haras San Jose Del Moro";"A Definir";"";"A Definir";"";"false";"Charlota (RR)";"Cornet Du Lys";"";"0";"";"true";"31/12/1969";"31/12/1969";"Estado Inicial"
"459";"Por Nacer 11 (RR)";"8/9/2023";"Haras San Jose Del Moro";"A Definir";"";"A Definir";"";"false";"Histoire D´hyrencourt";"Cornet Du Lys";"";"0";"";"true";"31/12/1969";"31/12/1969";"Estado Inicial"
"460";"Por Nacer 12 (RR)";"23/1/2023";"Haras San Jose Del Moro";"A Definir";"";"A Definir";"";"false";"Pegasus Champein";"Diablo Blanco";"";"0";"";"true";"31/12/1969";"31/12/1969";"Estado Inicial"
"461";"Por Nacer 13 (RR)";"11/11/2023";"Haras San Jose Del Moro";"A Definir";"";"A Definir";"";"false";"Royal Croissant";"Denzel";"";"0";"";"true";"31/12/1969";"31/12/1969";"Estado Inicial"
"462";"Por Nacer 14 (RR)";"20/10/2023";"Haras San Jose Del Moro";"A Definir";"";"A Definir";"";"false";"Rebel Du Lys (RR)";"Chacco-Blue";"";"0";"";"true";"31/12/1969";"31/12/1969";"Estado Inicial"
"463";"Por Nacer 15 (RR)";"15/10/2023";"Haras San Jose Del Moro";"A Definir";"";"A Definir";"";"false";"Royal Croissant";"Con Air";"";"0";"";"true";"31/12/1969";"31/12/1969";"Estado Inicial"
"464";"Por Nacer 16 (RR)";"21/9/2023";"Haras San Jose Del Moro";"A Definir";"";"A Definir";"";"false";"Royalty Des Isles";"Cornet Du Lys";"";"0";"";"true";"31/12/1969";"31/12/1969";"Estado Inicial"
"465";"Por Nacer 17 (RR)";"10/10/2023";"Haras San Jose Del Moro";"A Definir";"";"A Definir";"";"false";"Marianita Candelaria";"Cornet Du Lys";"";"0";"";"true";"31/12/1969";"31/12/1969";"Estado Inicial"
"466";"Por Nacer 18 (RR)";"11/10/2023";"Haras San Jose Del Moro";"A Definir";"";"A Definir";"";"false";"Cheerleader Of Picobello";"Cornet Du Lys";"";"0";"";"true";"31/12/1969";"31/12/1969";"Estado Inicial"
"467";"Por Nacer 19 (RR)";"22/10/2023";"Haras San Jose Del Moro";"A Definir";"";"A Definir";"";"false";"Hilary Van T Paradijs";"Conthargos";"";"0";"";"true";"31/12/1969";"31/12/1969";"Estado Inicial"
"468";"Por Nacer 20 (RR)";"25/9/2023";"Haras San Jose Del Moro";"A Definir";"";"A Definir";"";"false";"Royal Croissant";"Diamant de Semilly";"";"0";"";"true";"31/12/1969";"31/12/1969";"Estado Inicial"
"469";"Por Nacer 21 (RR)";"22/10/2023";"Haras San Jose Del Moro";"A Definir";"";"A Definir";"";"false";"Hilary Van T Paradijs";"Conthargos";"";"0";"";"true";"31/12/1969";"31/12/1969";"Estado Inicial"
"470";"Por Nacer 22 (RR)";"29/9/2023";"Haras San Jose Del Moro";"A Definir";"";"A Definir";"";"false";"Rufina (RR)";"Balou du Rouet";"";"0";"";"true";"31/12/1969";"31/12/1969";"Estado Inicial"
"471";"PRUEBA";"22/12/2022";"Solo Datos";"A Definir";"";"A Definir";"";"false";"";"";"";"0";"";"false";"31/12/1969";"31/12/1969";"Estado Inicial"